{
"predictionNet": {
  "unitsPerLayer": [
    4,
    4,
    3
  ],
  "isLayerRecurrent": [
    false,
    true,
    false
  ],
  "neurons": [
    [
      1.0,
      1.0,
      0.0,
      1.0
    ],
    [
      0.0167049225,
      0.9665264,
      0.9500254,
      0.08420774
    ],
    [
      0.937720835,
      0.8775771,
      0.9299985
    ]
  ],
  "biases": [
    [
      5.55409241,
      1.0260334,
      0.601857543,
      -0.6923466
    ],
    [
      -3.11515784,
      -0.290279359,
      -0.759107,
      -0.61502564
    ],
    [
      3.24089766,
      4.047858,
      -0.433992773
    ]
  ],
  "weights": [
    [
      [
        0.267621726,
        0.52272296,
        -2.243704,
        -1.75511825
      ],
      [
        -2.3411715,
        4.692558,
        1.87760484,
        1.91228688
      ],
      [
        -0.6978562,
        -0.286222458,
        -4.306941,
        4.616901
      ],
      [
        4.97501564,
        -1.91939962,
        -0.157384723,
        -4.82728338
      ]
    ],
    [
      [
        -1.3373183,
        -0.423145473,
        -0.2795631,
        1.99317968
      ],
      [
        -2.44106483,
        -0.8616846,
        -0.642728448,
        -7.05336142
      ],
      [
        -0.2546223,
        2.57770324,
        0.6115664,
        -0.564185858
      ]
    ]
  ],
  "recurrentWeights": [
    [],
    [
      0.303374648,
      -0.6223198,
      0.0745875239,
      0.007366121
    ],
    []
  ],
  "isFFN": false,
  "nBots": 20,
  "calculateFitness": true,
  "id": "predNet#42.0.0.0.1.0.0.0.0.0.0.2.1.0.0.0.0.0.0.1.0.0.1.1.0.1.0.0.0.1.0.0.0.0.0.0.0.0.1.0.2.0.0.1.2.0.0.0.0.0.0.0.1.0.1.1.0.0.0.1.1.1.0.0.0.1.1.0.1.1.3.1.2.0.1.0.1.0.0.1.0.0.0.0.0.1.0.2.1.0.0.0.0.0.2.0.1.0.1.0.0.0.1.1.1.0.1.0.0.1.0.1.0.0.0.0.0.0.0.0.0.0.1.0.0.0.0.0.0.0.1.2.0.1.0.3.3.0.0.0.2.0.2.0.0.0.2.0.0.0.2.1.0.0.1.1.2.2.0.0.0.0.0.0.0.2.0.0.0.0.0.0.0.3.1.1.0.0.0.1.1.0.0.0.1.0.0.0.0.0.2.0.1.0.1.1.0.1.2.2.0.0.0.1.4.2.0.2.3.1.0.3.0.1.0.0.0.0.2.0.2.0.0.1.0.1.0.0.2.0.0.0.0.0.3.2.0.4.2.0.0.1.2.0.0.0.3.0.0.1.0.1.2.0.0.1.0.1.0.1.1.0.0.3.0.2.0.1.1.1.0.0.1.2.0.2.0.0.1.0.1.0.2.1.0.0.0.0.0.0.0.0.0.2.0.0.3.0.0.0.1.1.1.1.0.0.1.1.0.0.2.1.0.0.0.0.0.0.1.1.0.0.2.0.0.0.2.4.1.0.0.1.3.0.0.2.1.0.1.1.0.0.0.0.0.0.2.1.0.1.1.1.1.0.2.2.0.0.0.0.0.1.3.0.1.0.1.2.0.0.0.2.0.0.0.2.0.0.1.1.2.0.0.0.0.0.0.2.1.0.1.0.0.2.0.1.1.1.3.0.0.0.0.0.0.0.0.0.3.1.1.1.1.1.0.0.1.0.0.0.0.0.0.2.0.0.0.1.1.1.1.0.0.1.1.1.2.0.0.1.2.2.0.0.0.0.0.1.2.0.1.1.1.0.2.0.0.1.0.0.1.2.2.2.0.0.0.0.0.0.0.1.0.2.0.0.2.1.0.0.0.2.0.0.4.2.0.0.0.0.0.1.0.0.1.1.0.0.0.0.0.2.0.0.2.0.2.0.0.1.0.1.1.0.0.0.1.2.1.1.0.1.0.1.0.0.0.0.1.0.2.1.0.0.0.1.1.0.1.0.0.0.0.0.1.0.0.1.0.0.2.2.1.0.0.0.1.2.1.1.1.0.0.2.0.0.0.1.1.0.1.0.0.1.0.0.1.0.1.0.0.0.0.0.0.0.0.0.1.1.0.0.1.1.3.0.0.2.3"
},
"decisionNet": {
  "unitsPerLayer": [
    4,
    3,
    1
  ],
  "isLayerRecurrent": [
    false,
    false,
    false
  ],
  "neurons": [
    [
      1.0,
      1.0,
      0.0,
      1.0
    ],
    [
      0.9651274,
      0.003210065,
      0.0599972531
    ],
    [
      0.707308
    ]
  ],
  "biases": [
    [
      1.15259612,
      -3.93060613,
      2.2863946,
      -3.40425229
    ],
    [
      0.9870795,
      -2.935674,
      4.69276428
    ],
    [
      0.7056372
    ]
  ],
  "weights": [
    [
      [
        -2.37590075,
        3.09401059,
        -2.96941781,
        1.61536956
      ],
      [
        0.206606835,
        -4.58533573,
        0.7401041,
        1.57615376
      ],
      [
        -1.22938406,
        -4.658719,
        -3.79700732,
        -1.55624533
      ]
    ],
    [
      [
        0.448915571,
        -0.269951284,
        -4.26162958
      ]
    ]
  ],
  "recurrentWeights": [
    [],
    [],
    []
  ],
  "isFFN": true,
  "nBots": 20,
  "calculateFitness": false,
  "id": "decNet#42.0.0.0.1.0.0.0.0.0.0.2.1.0.0.0.0.0.0.1.0.0.1.1.0.1.0.0.0.1.0.0.0.0.0.0.0.0.1.0.2.0.0.1.2.0.0.0.0.0.0.0.1.0.1.1.0.0.0.1.1.1.0.0.0.1.1.0.1.1.3.1.2.0.1.0.1.0.0.1.0.0.0.0.0.1.0.2.1.0.0.0.0.0.2.0.1.0.1.0.0.0.1.1.1.0.1.0.0.1.0.1.0.0.0.0.0.0.0.0.0.0.1.0.0.0.0.0.0.0.1.2.0.1.0.3.3.0.0.0.2.0.2.0.0.0.2.0.0.0.2.1.0.0.1.1.2.2.0.0.0.0.0.0.0.2.0.0.0.0.0.0.0.3.1.1.0.0.0.1.1.0.0.0.1.0.0.0.0.0.2.0.1.0.1.1.0.1.2.2.0.0.0.1.4.2.0.2.3.1.0.3.0.1.0.0.0.0.2.0.2.0.0.1.0.1.0.0.2.0.0.0.0.0.3.2.0.4.2.0.0.1.2.0.0.0.3.0.0.1.0.1.2.0.0.1.0.1.0.1.1.0.0.3.0.2.0.1.1.1.0.0.1.2.0.2.0.0.1.0.1.0.2.1.0.0.0.0.0.0.0.0.0.2.0.0.3.0.0.0.1.1.1.1.0.0.1.1.0.0.2.1.0.0.0.0.0.0.1.1.0.0.2.0.0.0.2.4.1.0.0.1.3.0.0.2.1.0.1.1.0.0.0.0.0.0.2.1.0.1.1.1.1.0.2.2.0.0.0.0.0.1.3.0.1.0.1.2.0.0.0.2.0.0.0.2.0.0.1.1.2.0.0.0.0.0.0.2.1.0.1.0.0.2.0.1.1.1.3.0.0.0.0.0.0.0.0.0.3.1.1.1.1.1.0.0.1.0.0.0.0.0.0.2.0.0.0.1.1.1.1.0.0.1.1.1.2.0.0.1.2.2.0.0.0.0.0.1.2.0.1.1.1.0.2.0.0.1.0.0.1.2.2.2.0.0.0.0.0.0.0.1.0.2.0.0.2.1.0.0.0.2.0.0.4.2.0.0.0.0.0.1.0.0.1.1.0.0.0.0.0.2.0.0.2.0.2.0.0.1.0.1.1.0.0.0.1.2.1.1.0.1.0.1.0.0.0.0.1.0.2.1.0.0.0.1.1.0.1.0.0.0.0.0.1.0.0.1.0.0.2.2.1.0.0.0.1.2.1.1.1.0.0.2.0.0.0.1.1.0.1.0.0.1.0.0.1.0.1.0.0.0.0.0.0.0.0.0.1.1.0.0.1.1.3.0.0.2.3"
},
"id": "#42.0.0.0.1.0.0.0.0.0.0.2.1.0.0.0.0.0.0.1.0.0.1.1.0.1.0.0.0.1.0.0.0.0.0.0.0.0.1.0.2.0.0.1.2.0.0.0.0.0.0.0.1.0.1.1.0.0.0.1.1.1.0.0.0.1.1.0.1.1.3.1.2.0.1.0.1.0.0.1.0.0.0.0.0.1.0.2.1.0.0.0.0.0.2.0.1.0.1.0.0.0.1.1.1.0.1.0.0.1.0.1.0.0.0.0.0.0.0.0.0.0.1.0.0.0.0.0.0.0.1.2.0.1.0.3.3.0.0.0.2.0.2.0.0.0.2.0.0.0.2.1.0.0.1.1.2.2.0.0.0.0.0.0.0.2.0.0.0.0.0.0.0.3.1.1.0.0.0.1.1.0.0.0.1.0.0.0.0.0.2.0.1.0.1.1.0.1.2.2.0.0.0.1.4.2.0.2.3.1.0.3.0.1.0.0.0.0.2.0.2.0.0.1.0.1.0.0.2.0.0.0.0.0.3.2.0.4.2.0.0.1.2.0.0.0.3.0.0.1.0.1.2.0.0.1.0.1.0.1.1.0.0.3.0.2.0.1.1.1.0.0.1.2.0.2.0.0.1.0.1.0.2.1.0.0.0.0.0.0.0.0.0.2.0.0.3.0.0.0.1.1.1.1.0.0.1.1.0.0.2.1.0.0.0.0.0.0.1.1.0.0.2.0.0.0.2.4.1.0.0.1.3.0.0.2.1.0.1.1.0.0.0.0.0.0.2.1.0.1.1.1.1.0.2.2.0.0.0.0.0.1.3.0.1.0.1.2.0.0.0.2.0.0.0.2.0.0.1.1.2.0.0.0.0.0.0.2.1.0.1.0.0.2.0.1.1.1.3.0.0.0.0.0.0.0.0.0.3.1.1.1.1.1.0.0.1.0.0.0.0.0.0.2.0.0.0.1.1.1.1.0.0.1.1.1.2.0.0.1.2.2.0.0.0.0.0.1.2.0.1.1.1.0.2.0.0.1.0.0.1.2.2.2.0.0.0.0.0.0.0.1.0.2.0.0.2.1.0.0.0.2.0.0.4.2.0.0.0.0.0.1.0.0.1.1.0.0.0.0.0.2.0.0.2.0.2.0.0.1.0.1.1.0.0.0.1.2.1.1.0.1.0.1.0.0.0.0.1.0.2.1.0.0.0.1.1.0.1.0.0.0.0.0.1.0.0.1.0.0.2.2.1.0.0.0.1.2.1.1.1.0.0.2.0.0.0.1.1.0.1.0.0.1.0.0.1.0.1.0.0.0.0.0.0.0.0.0.1.1.0.0.1.1.3.0.0.2.3"
}