{
  "predictionNet": {
    "unitsPerLayer": [
      4,
      4,
      3
    ],
    "isLayerRecurrent": [
      false,
      true,
      false
    ],
    "neurons": [
      [
        1.0,
        1.0,
        1.0,
        1.0
      ],
      [
        0.07471926,
        0.9514999,
        0.958024442,
        0.980106354
      ],
      [
        0.991686463,
        0.979394436,
        0.962181449
      ]
    ],
    "biases": [
      [
        4.70026064,
        -2.30452657,
        1.656039,
        -2.27845931
      ],
      [
        0.293390632,
        -2.99623156,
        3.08692884,
        -3.41188431
      ],
      [
        1.0481261,
        -4.20234156,
        -2.734945
      ]
    ],
    "weights": [
      [
        [
          1.76423061,
          -2.90555644,
          0.980868936,
          -2.6769793
        ],
        [
          -0.6590081,
          5.192308,
          0.269252,
          1.26713526
        ],
        [
          0.9045929,
          0.5069078,
          -0.702028453,
          -0.399183244
        ],
        [
          2.47840714,
          -0.89164567,
          -0.437898844,
          6.35196638
        ]
      ],
      [
        [
          1.61647761,
          -0.6015506,
          2.05626631,
          2.259997
        ],
        [
          -3.96092629,
          5.83873,
          1.71821868,
          1.18153167
        ],
        [
          -1.68400979,
          3.74492574,
          0.4205733,
          2.17421317
        ]
      ]
    ],
    "recurrentWeights": [
      [],
      [
        0.375903726,
        -0.101932049,
        -0.2811626,
        -0.195539415
      ],
      []
    ],
    "isFFN": false,
    "nBots": 20,
    "calculateFitness": true,
    "id": "predNet#47.0.0.0.1.0.0.1.0.2.0.1.0.0.0.0.0.0.3.0.0.1.0.0.0.2.2.0.0.2.0.0.0.0.3.0.0.2.0.0.4.1.2.2.0.0.1.0.0.0.1.0.2.1.1.0.2.3.0.0.0.0.0.1.3.0.0.0.1.0.1.0.1.1.2.2.1.0.1.1.0.0.0.0.1.1.3.1.2.1.0.0.0.0.0.0.0.1.1.2.1.1.3.1.0.1.2.0.1.1.0.0.0.2.1.0.0.1.1.0.2.1.0.0.2.0.0.1.0.4.0.1.0.0.0.1.0.0.1.0.0.2.0.2.3.0.0.1.0.0.0.1.0.0.0.0.0.0.0.0.2.0.0.2.2.3.0.0.0.1.1.0.0.0.0.0.0.0.2.0.1.1.1.0.0.0.1.0.0.0.1.1.1.1.0.0.2.1.0.1.0.1.0.2.0.0.0.0.1.1.1.1.1.0.1.0.0.1.3.1.0.0.0.0.1.0.0.0.0.4.2.0.0.1.0.0.2.0.0.0.0.0.0.1.0.2.0.0.2.0.0.1.1.0.2.1.0.1.1.0.2.0.0.0.2.0.2.0.0.0.1.0.0.1.0.0.2.2.0.1.0.1.0.0.2.1.1.0.0.0.0.0.5.1.0.2.1.0.0.0.0.0.1.0.1.2.1.1.1.0.0.0.0.0.0.1.0.0.0.1.1.0.2.1.0.0.0.0.0.1.0.1.0.0.3.1.0.0.2.2.0.0.1.0.1.0.1.0.0.1.0.0.0.0.0.0.0.0.0.1.1.0.0.1.0.0.1.0.1.1.1.0.1.2.1.0.2.1.1.1.1.0.1.0.0.0.0.1.1.2.0.0.0.0.1.2.0.1.2.0.0.0.0.0.0.0.0.0.0.0.0.1.1.0.1.0.1.0.0.0.0.0.0.1.1.2.0.2.0.0.2.1.0.0.0.0.1.1.1.0.0.0.0.2.2.2.1.0.0.0.0.0.0.0.0.0.0.0.1.2.0.0.0.0.2.0.0.0.1.0.0.1.0.0.0.0.1.1.0.0.0.0.0.0.0.3.0.1.2.0.1.0.0.0.1.0.1.1.0.0.0.0.0.1.0.1.0.1.1.0.2.0.0.1.0.0.1.0.0.2.0.0.1.1.0.1.0.0.0.0.0.0.1.0.1.0.4.0.0.0.1.0.1.0.0.0.1.1.0.2.1.0.1.2.1.1.0.0.1.0.0.1.1.0.0.1.1.0.0.2.0.0.0.0.0.0.0.0.2.0.1.2.1.0.0.0.0.1.1.0.3.1.1.0.1.0.0.0.0"
  },
  "decisionNet": {
    "unitsPerLayer": [
      4,
      3,
      1
    ],
    "isLayerRecurrent": [
      false,
      false,
      false
    ],
    "neurons": [
      [
        1.0,
        1.0,
        1.0,
        1.0
      ],
      [
        0.00177095528,
        0.000830697,
        0.999944866
      ],
      [
        0.547006667
      ]
    ],
    "biases": [
      [
        -5.002273,
        2.14133143,
        1.36688268,
        1.77152157
      ],
      [
        0.7602695,
        -0.5084448,
        0.270341
      ],
      [
        0.5503768
      ]
    ],
    "weights": [
      [
        [
          0.388968259,
          -5.01997375,
          -2.211607,
          -0.25212118
        ],
        [
          -0.882942,
          -2.74287128,
          0.28752467,
          -3.245681
        ],
        [
          0.710298955,
          6.113751,
          3.69561553,
          -0.9846776
        ]
      ],
      [
        [
          -4.163265,
          2.0078423,
          -0.356107742
        ]
      ]
    ],
    "recurrentWeights": [
      [],
      [],
      []
    ],
    "isFFN": true,
    "nBots": 20,
    "calculateFitness": false,
    "id": "decNet#47.0.0.0.1.0.0.1.0.2.0.1.0.0.0.0.0.0.3.0.0.1.0.0.0.2.2.0.0.2.0.0.0.0.3.0.0.2.0.0.4.1.2.2.0.0.1.0.0.0.1.0.2.1.1.0.2.3.0.0.0.0.0.1.3.0.0.0.1.0.1.0.1.1.2.2.1.0.1.1.0.0.0.0.1.1.3.1.2.1.0.0.0.0.0.0.0.1.1.2.1.1.3.1.0.1.2.0.1.1.0.0.0.2.1.0.0.1.1.0.2.1.0.0.2.0.0.1.0.4.0.1.0.0.0.1.0.0.1.0.0.2.0.2.3.0.0.1.0.0.0.1.0.0.0.0.0.0.0.0.2.0.0.2.2.3.0.0.0.1.1.0.0.0.0.0.0.0.2.0.1.1.1.0.0.0.1.0.0.0.1.1.1.1.0.0.2.1.0.1.0.1.0.2.0.0.0.0.1.1.1.1.1.0.1.0.0.1.3.1.0.0.0.0.1.0.0.0.0.4.2.0.0.1.0.0.2.0.0.0.0.0.0.1.0.2.0.0.2.0.0.1.1.0.2.1.0.1.1.0.2.0.0.0.2.0.2.0.0.0.1.0.0.1.0.0.2.2.0.1.0.1.0.0.2.1.1.0.0.0.0.0.5.1.0.2.1.0.0.0.0.0.1.0.1.2.1.1.1.0.0.0.0.0.0.1.0.0.0.1.1.0.2.1.0.0.0.0.0.1.0.1.0.0.3.1.0.0.2.2.0.0.1.0.1.0.1.0.0.1.0.0.0.0.0.0.0.0.0.1.1.0.0.1.0.0.1.0.1.1.1.0.1.2.1.0.2.1.1.1.1.0.1.0.0.0.0.1.1.2.0.0.0.0.1.2.0.1.2.0.0.0.0.0.0.0.0.0.0.0.0.1.1.0.1.0.1.0.0.0.0.0.0.1.1.2.0.2.0.0.2.1.0.0.0.0.1.1.1.0.0.0.0.2.2.2.1.0.0.0.0.0.0.0.0.0.0.0.1.2.0.0.0.0.2.0.0.0.1.0.0.1.0.0.0.0.1.1.0.0.0.0.0.0.0.3.0.1.2.0.1.0.0.0.1.0.1.1.0.0.0.0.0.1.0.1.0.1.1.0.2.0.0.1.0.0.1.0.0.2.0.0.1.1.0.1.0.0.0.0.0.0.1.0.1.0.4.0.0.0.1.0.1.0.0.0.1.1.0.2.1.0.1.2.1.1.0.0.1.0.0.1.1.0.0.1.1.0.0.2.0.0.0.0.0.0.0.0.2.0.1.2.1.0.0.0.0.1.1.0.3.1.1.0.1.0.0.0.0"
  },
  "id": "#47.0.0.0.1.0.0.1.0.2.0.1.0.0.0.0.0.0.3.0.0.1.0.0.0.2.2.0.0.2.0.0.0.0.3.0.0.2.0.0.4.1.2.2.0.0.1.0.0.0.1.0.2.1.1.0.2.3.0.0.0.0.0.1.3.0.0.0.1.0.1.0.1.1.2.2.1.0.1.1.0.0.0.0.1.1.3.1.2.1.0.0.0.0.0.0.0.1.1.2.1.1.3.1.0.1.2.0.1.1.0.0.0.2.1.0.0.1.1.0.2.1.0.0.2.0.0.1.0.4.0.1.0.0.0.1.0.0.1.0.0.2.0.2.3.0.0.1.0.0.0.1.0.0.0.0.0.0.0.0.2.0.0.2.2.3.0.0.0.1.1.0.0.0.0.0.0.0.2.0.1.1.1.0.0.0.1.0.0.0.1.1.1.1.0.0.2.1.0.1.0.1.0.2.0.0.0.0.1.1.1.1.1.0.1.0.0.1.3.1.0.0.0.0.1.0.0.0.0.4.2.0.0.1.0.0.2.0.0.0.0.0.0.1.0.2.0.0.2.0.0.1.1.0.2.1.0.1.1.0.2.0.0.0.2.0.2.0.0.0.1.0.0.1.0.0.2.2.0.1.0.1.0.0.2.1.1.0.0.0.0.0.5.1.0.2.1.0.0.0.0.0.1.0.1.2.1.1.1.0.0.0.0.0.0.1.0.0.0.1.1.0.2.1.0.0.0.0.0.1.0.1.0.0.3.1.0.0.2.2.0.0.1.0.1.0.1.0.0.1.0.0.0.0.0.0.0.0.0.1.1.0.0.1.0.0.1.0.1.1.1.0.1.2.1.0.2.1.1.1.1.0.1.0.0.0.0.1.1.2.0.0.0.0.1.2.0.1.2.0.0.0.0.0.0.0.0.0.0.0.0.1.1.0.1.0.1.0.0.0.0.0.0.1.1.2.0.2.0.0.2.1.0.0.0.0.1.1.1.0.0.0.0.2.2.2.1.0.0.0.0.0.0.0.0.0.0.0.1.2.0.0.0.0.2.0.0.0.1.0.0.1.0.0.0.0.1.1.0.0.0.0.0.0.0.3.0.1.2.0.1.0.0.0.1.0.1.1.0.0.0.0.0.1.0.1.0.1.1.0.2.0.0.1.0.0.1.0.0.2.0.0.1.1.0.1.0.0.0.0.0.0.1.0.1.0.4.0.0.0.1.0.1.0.0.0.1.1.0.2.1.0.1.2.1.1.0.0.1.0.0.1.1.0.0.1.1.0.0.2.0.0.0.0.0.0.0.0.2.0.1.2.1.0.0.0.0.1.1.0.3.1.1.0.1.0.0.0.0"
}